{"Comp": 0.003346901854364541, "Comp_norm": 0.22424242424242424, "Hall": 0.0, "Hall_norm": 0.0, "N_contra": 0, "N_answered_questions": 3}